Request_ID,Student_ID,College,Pickup_Location,Destination,Travel_Date,Travel_Time,Seats_Needed,Estimated_Cab_Fare_INR,Status
RR001,STU001,College A,Secunderabad,Warangal,2026-04-09,10:00,1,1000,Matched
RR002,STU002,College A,Uppal,Kazipet,2026-05-09,07:00,3,1200,Waiting
RR003,STU003,College D,Kukatpally,Warangal,2026-05-09,18:00,3,900,Matched
RR004,STU004,College D,LB Nagar,Kazipet,2026-05-09,10:00,1,1500,Matched
RR005,STU005,College D,Ameerpet,Warangal,2026-05-09,09:00,2,900,Waiting
RR006,STU006,College D,Ameerpet,Hanamkonda,2026-05-09,20:00,2,1500,Waiting
RR007,STU007,College B,Secunderabad,Hanamkonda,2026-01-09,07:00,3,1100,Group Formed
RR008,STU008,College A,Secunderabad,Warangal,2026-06-09,09:00,2,900,Matched
RR009,STU009,College B,Ameerpet,Hanamkonda,2026-05-09,14:00,1,1100,Group Formed
RR010,STU010,College B,Ameerpet,Kazipet,2026-05-09,07:00,3,1400,Matched
RR011,STU011,College C,LB Nagar,Hanamkonda,2026-05-09,10:00,3,1400,Matched
RR012,STU012,College D,Hitech City,Warangal,2026-10-09,09:00,1,1500,Group Formed
RR013,STU013,College D,Secunderabad,Warangal,2026-05-09,20:00,3,1100,Matched
RR014,STU014,College C,Uppal,Hanamkonda,2026-05-09,08:00,2,1000,Matched
RR015,STU015,College B,Miyapur,Hanamkonda,2026-07-09,20:00,2,1100,Matched
RR016,STU016,College D,LB Nagar,Warangal,2026-05-09,06:00,1,1000,Matched
RR017,STU017,College A,Secunderabad,Hanamkonda,2026-03-09,16:00,3,1200,Group Formed
RR018,STU018,College A,Uppal,Warangal,2026-05-09,18:00,2,1500,Group Formed
RR019,STU019,College B,LB Nagar,Warangal,2026-05-09,17:00,1,1400,Group Formed
RR020,STU020,College B,Secunderabad,Kazipet,2026-05-09,10:00,3,1300,Matched
RR021,STU021,College D,Hitech City,Warangal,2026-05-09,18:00,3,900,Group Formed
RR022,STU022,College A,Secunderabad,Hanamkonda,2026-05-09,10:00,1,900,Matched
RR023,STU023,College B,Uppal,Hanamkonda,2026-05-09,07:00,3,1500,Matched
RR024,STU024,College B,LB Nagar,Kazipet,2026-05-09,08:00,2,1300,Booked
RR025,STU025,College C,Miyapur,Kazipet,2026-05-09,09:00,3,1100,Booked
RR026,STU026,College C,Miyapur,Hanamkonda,2026-05-09,07:00,1,1000,Waiting
RR027,STU027,College A,Miyapur,Kazipet,2026-05-09,09:00,3,1000,Waiting
RR028,STU028,College A,Uppal,Warangal,2026-06-09,09:00,1,900,Group Formed
RR029,STU029,College D,Kukatpally,Hanamkonda,2026-05-09,17:00,1,1300,Matched
RR030,STU030,College D,Hitech City,Hanamkonda,2026-05-09,16:00,1,900,Waiting
RR031,STU031,College A,LB Nagar,Hanamkonda,2026-05-09,17:00,3,900,Waiting
RR032,STU032,College D,Uppal,Hanamkonda,2026-05-09,07:00,1,1000,Matched
RR033,STU033,College D,LB Nagar,Warangal,2026-05-09,10:00,2,1000,Waiting
RR034,STU034,College A,Hitech City,Kazipet,2026-09-09,07:00,1,1400,Waiting
RR035,STU035,College B,Hitech City,Warangal,2026-05-09,08:00,2,1200,Booked
RR036,STU036,College C,LB Nagar,Warangal,2026-11-09,08:00,2,900,Booked
RR037,STU037,College B,Hitech City,Hanamkonda,2026-05-09,10:00,2,1400,Booked
RR038,STU038,College C,Ameerpet,Warangal,2026-05-09,06:00,3,1400,Waiting
RR039,STU039,College A,Secunderabad,Kazipet,2026-05-09,17:00,3,1500,Matched
RR040,STU040,College B,Miyapur,Warangal,2026-05-09,08:00,1,1300,Waiting
RR041,STU041,College A,Secunderabad,Kazipet,2026-05-09,09:00,3,1300,Waiting
RR042,STU042,College B,Uppal,Kazipet,2026-05-09,20:00,3,1100,Group Formed
RR043,STU043,College C,Uppal,Hanamkonda,2026-05-09,09:00,2,1200,Matched
RR044,STU044,College A,Ameerpet,Warangal,2026-05-09,06:00,2,1300,Waiting
RR045,STU045,College B,Kukatpally,Kazipet,2026-01-09,10:00,1,1100,Waiting
RR046,STU046,College A,Ameerpet,Warangal,2026-05-09,17:00,3,1400,Group Formed
RR047,STU047,College C,Hitech City,Kazipet,2026-05-09,10:00,3,900,Matched
RR048,STU048,College B,Secunderabad,Kazipet,2026-05-09,18:00,1,1100,Group Formed
RR049,STU049,College A,Ameerpet,Warangal,2026-06-09,10:00,3,1200,Group Formed
RR050,STU050,College B,Uppal,Hanamkonda,2026-05-09,10:00,1,900,Group Formed
RR051,STU051,College A,Ameerpet,Warangal,2026-04-09,17:00,3,1400,Booked
RR052,STU052,College B,Secunderabad,Kazipet,2026-05-09,08:00,3,900,Group Formed
RR053,STU053,College C,Kukatpally,Warangal,2026-05-09,10:00,2,1500,Waiting
RR054,STU054,College B,Uppal,Warangal,2026-05-09,07:00,2,1500,Booked
RR055,STU055,College C,Kukatpally,Warangal,2026-05-09,08:00,2,900,Matched
RR056,STU056,College D,LB Nagar,Kazipet,2026-09-09,09:00,2,1000,Waiting
RR057,STU057,College C,Secunderabad,Hanamkonda,2026-11-09,09:00,1,1500,Booked
RR058,STU058,College D,Hitech City,Warangal,2026-05-09,09:00,1,1400,Matched
RR059,STU059,College C,Ameerpet,Warangal,2026-05-09,10:00,2,1400,Booked
RR060,STU060,College A,Secunderabad,Warangal,2026-05-09,10:00,1,1300,Group Formed
RR061,STU061,College D,Miyapur,Hanamkonda,2026-05-09,14:00,3,1500,Group Formed
RR062,STU062,College A,Miyapur,Warangal,2026-03-09,16:00,3,1000,Group Formed
RR063,STU063,College C,LB Nagar,Warangal,2026-06-09,18:00,3,1400,Matched
RR064,STU064,College C,Secunderabad,Kazipet,2026-05-09,14:00,3,1100,Waiting
RR065,STU065,College B,Ameerpet,Kazipet,2026-05-09,16:00,2,1200,Group Formed
RR066,STU066,College C,LB Nagar,Kazipet,2026-05-09,16:00,3,1400,Matched
RR067,STU067,College C,Miyapur,Warangal,2026-05-09,10:00,2,1000,Booked
RR068,STU068,College A,LB Nagar,Hanamkonda,2026-05-09,09:00,3,1200,Matched
RR069,STU069,College C,Miyapur,Kazipet,2026-05-09,20:00,2,900,Matched
RR070,STU070,College D,Hitech City,Warangal,2026-05-09,08:00,1,900,Matched
RR071,STU071,College D,Hitech City,Warangal,2026-03-09,17:00,2,1400,Matched
RR072,STU072,College A,LB Nagar,Warangal,2026-05-09,08:00,3,1400,Waiting
RR073,STU073,College A,LB Nagar,Warangal,2026-08-09,08:00,3,1300,Booked
RR074,STU074,College C,Kukatpally,Warangal,2026-01-09,17:00,1,1500,Booked
RR075,STU075,College D,Hitech City,Hanamkonda,2026-05-09,20:00,3,1300,Booked
RR076,STU076,College C,Kukatpally,Kazipet,2026-12-09,17:00,2,1100,Matched
RR077,STU077,College D,Hitech City,Kazipet,2026-08-09,17:00,3,1000,Group Formed
RR078,STU078,College A,Uppal,Hanamkonda,2026-05-09,09:00,2,1100,Group Formed
RR079,STU079,College A,Kukatpally,Warangal,2026-05-09,16:00,3,1000,Matched
RR080,STU080,College B,LB Nagar,Hanamkonda,2026-05-09,18:00,2,1200,Waiting
RR081,STU081,College D,LB Nagar,Hanamkonda,2026-10-09,20:00,3,900,Booked
RR082,STU082,College D,Ameerpet,Hanamkonda,2026-05-09,16:00,2,1300,Matched
RR083,STU083,College D,Ameerpet,Hanamkonda,2026-05-09,17:00,1,1200,Group Formed
RR084,STU084,College D,Kukatpally,Hanamkonda,2026-07-09,08:00,3,1300,Waiting
RR085,STU085,College B,Miyapur,Kazipet,2026-02-09,06:00,1,1400,Booked
RR086,STU086,College B,LB Nagar,Warangal,2026-11-09,06:00,2,1200,Group Formed
RR087,STU087,College C,Ameerpet,Hanamkonda,2026-05-09,16:00,2,1500,Booked
RR088,STU088,College C,Secunderabad,Hanamkonda,2026-10-09,06:00,3,1300,Waiting
RR089,STU089,College A,Uppal,Warangal,2026-05-09,06:00,1,1000,Matched
RR090,STU090,College B,Kukatpally,Warangal,2026-03-09,08:00,2,1400,Waiting
RR091,STU091,College B,Uppal,Hanamkonda,2026-05-09,14:00,1,1300,Waiting
RR092,STU092,College D,Ameerpet,Warangal,2026-05-09,20:00,1,1100,Booked
RR093,STU093,College A,Uppal,Warangal,2026-05-09,07:00,3,1400,Matched
RR094,STU094,College C,Hitech City,Hanamkonda,2026-06-09,20:00,1,1500,Waiting
RR095,STU095,College A,LB Nagar,Kazipet,2026-01-09,14:00,1,1300,Group Formed
RR096,STU096,College B,LB Nagar,Hanamkonda,2026-11-09,07:00,2,1100,Booked
RR097,STU097,College D,Kukatpally,Kazipet,2026-05-09,18:00,3,1100,Booked
RR098,STU098,College A,Hitech City,Kazipet,2026-05-09,20:00,2,1100,Matched
RR099,STU099,College C,LB Nagar,Warangal,2026-05-09,17:00,3,1300,Booked
RR100,STU100,College C,LB Nagar,Hanamkonda,2026-05-09,08:00,2,1000,Group Formed
